nombre,precio,disponibilidad
A Light in the ...,51.77,In stock
Tipping the Velvet,53.74,In stock
Soumission,50.1,In stock
Sharp Objects,47.82,In stock
Sapiens: A Brief History ...,54.23,In stock
The Requiem Red,22.65,In stock
The Dirty Little Secrets ...,33.34,In stock
The Coming Woman: A ...,17.93,In stock
The Boys in the ...,22.6,In stock
The Black Maria,52.15,In stock
Starving Hearts (Triangular Trade ...,13.99,In stock
Shakespeare's Sonnets,20.66,In stock
Set Me Free,17.46,In stock
Scott Pilgrim's Precious Little ...,52.29,In stock
Rip it Up and ...,35.02,In stock
Our Band Could Be ...,57.25,In stock
Olio,23.88,In stock
Mesaerion: The Best Science ...,37.59,In stock
Libertarianism for Beginners,51.33,In stock
It's Only the Himalayas,45.17,In stock
In Her Wake,12.84,In stock
How Music Works,37.32,In stock
Foolproof Preserving: A Guide ...,30.52,In stock
Chase Me (Paris Nights ...,25.27,In stock
Black Dust,34.53,In stock
Birdsong: A Story in ...,54.64,In stock
America's Cradle of Quarterbacks: ...,22.5,In stock
Aladdin and His Wonderful ...,53.13,In stock
Worlds Elsewhere: Journeys Around ...,40.3,In stock
Wall and Piece,44.18,In stock
The Four Agreements: A ...,17.66,In stock
The Five Love Languages: ...,31.05,In stock
The Elephant Tree,23.82,In stock
The Bear and the ...,36.89,In stock
Sophie's World,15.94,In stock
Penny Maybe,33.29,In stock
Maude (1883-1993):She Grew Up ...,18.02,In stock
"In a Dark, Dark ...",19.63,In stock
Behind Closed Doors,52.22,In stock
You can't bury them ...,33.63,In stock
